Workbook

Sheet Daily Tracker
A1: Date | B1: Day | C1: Steps | D1: Workout Type | E1: Workout Duration (min) | F1: Calories Burned | G1: Calories Intake | H1: Water (L) | I1: Sleep (hrs) | J1: Meal Pattern | K1: Weight (kg) | L1: Daily Wellness Score
A2: 46266 | B2: Tuesday | C2: 7253 | D2: Walking | E2: 25 | F2: 80 | G2: 2025 | H2: 2.1 | I2: 7.8 | J2: Balanced | K2: 52 | L2: 4
A3: 46267 | B3: Wednesday | C3: 5767 | D3: Walking | E3: 25 | F3: 80 | G3: 2011 | H3: 2.1 | I3: 7.6 | J3: High-carb | K3: 52 | L3: 3.9
A4: 46268 | B4: Thursday | C4: 6805 | D4: Yoga | E4: 38 | F4: 106 | G4: 2129 | H4: 2.5 | I4: 8 | J4: Balanced | K4: 52.1 | L4: 4.2
A5: 46269 | B5: Friday | C5: 8462 | D5: Jogging | E5: 47 | F5: 244 | G5: 2074 | H5: 2.1 | I5: 6.8 | J5: High-protein | K5: 52 | L5: 3.6
A6: 46270 | B6: Saturday | C6: 7940 | D6: Strength | E6: 28 | F6: 112 | G6: 2333 | H6: 2.2 | I6: 6.9 | J6: Balanced | K6: 52 | L6: 3.7
A7: 46271 | B7: Sunday | C7: 8100 | D7: Yoga | E7: 28 | F7: 78 | G7: 1940 | H7: 2.5 | I7: 8 | J7: High-protein | K7: 52 | L7: 4.2
A8: 46272 | B8: Monday | C8: 6385 | D8: Rest | E8: 0 | F8: 0 | G8: 1935 | H8: 1.9 | I8: 6.8 | J8: High-protein | K8: 52.1 | L8: 3.6
A9: 46273 | B9: Tuesday | C9: 5827 | D9: Jogging | E9: 52 | F9: 270 | G9: 2094 | H9: 2.1 | I9: 7.6 | J9: High-protein | K9: 52 | L9: 3.9
A10: 46274 | B10: Wednesday | C10: 7187 | D10: Cycling | E10: 31 | F10: 161 | G10: 2259 | H10: 2.9 | I10: 7.7 | J10: High-carb | K10: 52 | L10: 4.2
A11: 46275 | B11: Thursday | C11: 8786 | D11: Jogging | E11: 30 | F11: 156 | G11: 2094 | H11: 2.1 | I11: 8.2 | J11: High-carb | K11: 52 | L11: 4.1
A12: 46276 | B12: Friday | C12: 5262 | D12: Walking | E12: 32 | F12: 102 | G12: 2312 | H12: 2.2 | I12: 6.9 | J12: High-carb | K12: 52 | L12: 3.7
A13: 46277 | B13: Saturday | C13: 7577 | D13: Yoga | E13: 53 | F13: 148 | G13: 2008 | H13: 2.6 | I13: 7.1 | J13: Light | K13: 51.9 | L13: 3.9
... A31: 46295 | B31: Wednesday | C31: 7046 | D31: Cycling | E31: 39 | F31: 203 | G31: 2347 | H31: 2.9 | I31: 7.2 | J31: Balanced | K31: 51.2 | L31: 4

Sheet Weekly Summary
A1: Week | B1: Total Steps | C1: Avg Steps/Day | D1: Workout Minutes | E1: Calories Burned | F1: Avg Water (L) | G1: Avg Sleep (hrs) | H1: Avg Weight (kg) | I1: Avg Wellness Score
A2: Week 1 | B2: =SUM('Daily Tracker'!C2:C8) -> 50712 | C2: =AVERAGE('Daily Tracker'!C2:C8) -> 7244.5714 | D2: =SUM('Daily Tracker'!E2:E8) -> 191 | E2: =SUM('Daily Tracker'!F2:F8) -> 700 | F2: =AVERAGE('Daily Tracker'!H2:H8) -> 2.2 | G2: =AVERAGE('Daily Tracker'!I2:I8) -> 7.4142857 | H2: =AVERAGE('Daily Tracker'!K2:K8) -> 52.028571 | I2: =AVERAGE('Daily Tracker'!L2:L8) -> 3.8857143
A3: Week 2 | B3: =SUM('Daily Tracker'!C9:C15) -> 48120 | C3: =AVERAGE('Daily Tracker'!C9:C15) -> 6874.2857 | D3: =SUM('Daily Tracker'!E9:E15) -> 230 | E3: =SUM('Daily Tracker'!F9:F15) -> 1003 | F3: =AVERAGE('Daily Tracker'!H9:H15) -> 2.4285714 | G3: =AVERAGE('Daily Tracker'!I9:I15) -> 7.5142857 | H3: =AVERAGE('Daily Tracker'!K9:K15) -> 51.942857 | I3: =AVERAGE('Daily Tracker'!L9:L15) -> 3.9857143
A4: Week 3 | B4: =SUM('Daily Tracker'!C16:C22) -> 49180 | C4: =AVERAGE('Daily Tracker'!C16:C22) -> 7025.7143 | D4: =SUM('Daily Tracker'!E16:E22) -> 266 | E4: =SUM('Daily Tracker'!F16:F22) -> 1259 | F4: =AVERAGE('Daily Tracker'!H16:H22) -> 2.1142857 | G4: =AVERAGE('Daily Tracker'!I16:I22) -> 7.4571429 | H4: =AVERAGE('Daily Tracker'!K16:K22) -> 51.728571 | I4: =AVERAGE('Daily Tracker'!L16:L22) -> 3.8571429
A5: Week 4 | B5: =SUM('Daily Tracker'!C23:C29) -> 49139 | C5: =AVERAGE('Daily Tracker'!C23:C29) -> 7019.8571 | D5: =SUM('Daily Tracker'!E23:E29) -> 240 | E5: =SUM('Daily Tracker'!F23:F29) -> 1034 | F5: =AVERAGE('Daily Tracker'!H23:H29) -> 2.3142857 | G5: =AVERAGE('Daily Tracker'!I23:I29) -> 7.3142857 | H5: =AVERAGE('Daily Tracker'!K23:K29) -> 51.5 | I5: =AVERAGE('Daily Tracker'!L23:L29) -> 3.8714286
A6: Week 5 | B6: =SUM('Daily Tracker'!C30:C31) -> 12941 | C6: =AVERAGE('Daily Tracker'!C30:C31) -> 6470.5 | D6: =SUM('Daily Tracker'!E30:E31) -> 89 | E6: =SUM('Daily Tracker'!F30:F31) -> 463 | F6: =AVERAGE('Daily Tracker'!H30:H31) -> 2.45 | G6: =AVERAGE('Daily Tracker'!I30:I31) -> 7.3 | H6: =AVERAGE('Daily Tracker'!K30:K31) -> 51.25 | I6: =AVERAGE('Daily Tracker'!L30:L31) -> 3.9

Sheet Dashboard
A1: HEALTH & FITNESS TRACKER DASHBOARD | J1: Workout Type | K1: Count
J2: Walking | K2: =COUNTIF('Daily Tracker'!D2:D31,J2) -> 4
A3: Project period: | B3: 01-Sep-2026 to 30-Sep-2026 | J3: Jogging | K3: =COUNTIF('Daily Tracker'!D2:D31,J3) -> 9
J4: Cycling | K4: =COUNTIF('Daily Tracker'!D2:D31,J4) -> 5
A5: Key Metrics | J5: Strength | K5: =COUNTIF('Daily Tracker'!D2:D31,J5) -> 4
A6: Total Steps | B6: =SUM('Daily Tracker'!C2:C31) -> 210092 | J6: Yoga | K6: =COUNTIF('Daily Tracker'!D2:D31,J6) -> 4
A7: Total Workout Minutes | B7: =SUM('Daily Tracker'!E2:E31) -> 1016 | J7: Rest | K7: =COUNTIF('Daily Tracker'!D2:D31,J7) -> 4
A8: Calories Burned | B8: =SUM('Daily Tracker'!F2:F31) -> 4459
A9: Average Water (L) | B9: =AVERAGE('Daily Tracker'!H2:H31) -> 2.2766667
A10: Average Sleep (hrs) | B10: =AVERAGE('Daily Tracker'!I2:I31) -> 7.4166667
A11: Average Weight (kg) | B11: =AVERAGE('Daily Tracker'!K2:K31) -> 51.763333

Sheet Workout Analysis
A1: WORKOUT ANALYSIS
A3: Workout Type | B3: Number of Days | C3: Total Minutes | D3: Average Minutes
A4: Walking | B4: =COUNTIF('Daily Tracker'!D2:D31,A4) -> 4 | C4: =SUMIF('Daily Tracker'!D2:D31,A4,'Daily Tracker'!E2:E31) -> 109 | D4: =IF(B4=0,0,C4/B4) -> 27.25
A5: Jogging | B5: =COUNTIF('Daily Tracker'!D2:D31,A5) -> 9 | C5: =SUMIF('Daily Tracker'!D2:D31,A5,'Daily Tracker'!E2:E31) -> 374 | D5: =IF(B5=0,0,C5/B5) -> 41.555556
A6: Cycling | B6: =COUNTIF('Daily Tracker'!D2:D31,A6) -> 5 | C6: =SUMIF('Daily Tracker'!D2:D31,A6,'Daily Tracker'!E2:E31) -> 201 | D6: =IF(B6=0,0,C6/B6) -> 40.2
A7: Strength | B7: =COUNTIF('Daily Tracker'!D2:D31,A7) -> 4 | C7: =SUMIF('Daily Tracker'!D2:D31,A7,'Daily Tracker'!E2:E31) -> 161 | D7: =IF(B7=0,0,C7/B7) -> 40.25
A8: Yoga | B8: =COUNTIF('Daily Tracker'!D2:D31,A8) -> 4 | C8: =SUMIF('Daily Tracker'!D2:D31,A8,'Daily Tracker'!E2:E31) -> 171 | D8: =IF(B8=0,0,C8/B8) -> 42.75
A9: Rest | B9: =COUNTIF('Daily Tracker'!D2:D31,A9) -> 4 | C9: =SUMIF('Daily Tracker'!D2:D31,A9,'Daily Tracker'!E2:E31) -> 0 | D9: =IF(B9=0,0,C9/B9) -> 0
